x,y,pos_std,radius
-5.7928214447978235,-18.79448235380439,1.0,15.781517762560764
-21.058609722853248,11.58192090395481,1.0,12.416982504524892
20.558836892321665,26.256511849732192,1.0,12.025258275304232
