cx,cy,length,yaw_deg
-38.686960472512496,7.913273167510454,2.0,0.0
11.1085870059064,42.251815980629544,24.465492369397285,-5.507107707094576
37.27850976828714,45.626971898158345,26.0463874961487,-161.60868451599015
-40.86778736937755,-6.761317778266928,30.236054443405266,76.08853140241162
