x,y,z,yaw,sign_class
-28.69150386188096,-12.484408247120115,1.0,90.0,5
4.566106315311217,13.196125907990321,1.0,90.0,5
13.834620626987729,12.462396360701447,1.0,90.0,13
-7.246706042707864,33.006823684789794,1.0,90.0,12
