id,seq,x,y,speed_mps
1,0,-15.061335756474328,17.01151955389244,5.0
1,1,-9.064061790095415,23.32159366057671,5.0
2,0,-22.149023171285776,8.50025680534155,5.0
2,1,-24.32985006815084,-0.7447354904982006,5.0
2,2,-26.87414811449341,-6.174334140435832,5.0
3,0,-10.517946388005456,-14.685596888986723,5.0
3,1,-7.97364834166288,-5.147112774231417,5.0
3,2,-4.157201272149024,2.777166336488378,5.0
3,3,3.839164016356193,11.728666813412573,5.0
